irek|irek@email.ca|4039189061|123123123|MATH111+MATH222+MATH333+CPSC111+CPSC222+CPSC333+TEST111+|MATH111+MATH222+MATH333+TEST111+SOCI111+SOCI222+SOCI333+TEST111+|
Ohiomah|5875003780l|ohimasEmail|Ohiomah3137|CPSC123+CPSC234+CPSC333+CPSC111+CPSC222+CPSC333+TEST111+|CPSC111+CPSC222+CPSC333+TEST111+|
TA Matthew|matthew@email.com|403444444|ta|cpsc231+cpscp123+cpsc2+|cpsc111+cpsc112+cpsc123+cpsc223+|
Viraj Sidhu|virajiscool@gmail.com|587-123-4567|kala|ECON301+PSYCH313+ECON303+|STAT217+MATH249+ECON313+ECON303+STAT213+|
CHRISTINA GUO|christinaguo027@gmail.com|4038083130|CHICKEN12345|GRST205+LWSO303+PHIL264+|PSYC303+SOCI313+LWSO313+PHIL249+|
Victoria Kim|vickim@gmail.com|4039183213|vic123|CPSC111+CPSC123+CPSC333+|CPSC111+CPSC 123+|
NOAH GUEVARRA|noahcoolguy@email.com|4038010668|noah123|ECON301+ECON303+ECON311+CPSC217+ENGL253+|econ313+econ303+STAT213+STAT217+MATH249+MATH265+|
irek me|irek|4039189061|123|MATH111+MATH222+MATH333+CPSC111+CPSC222+CPSC333+TEST111+ECON313+STAT313+PHYS303+|STAT313+MATH222+MATH333+TEST111+SOCI111+SOCI222+SOCI333+TEST111+ECON313+PHYS313+|
Adam Azaiez|adamazaiez@gmail.com|4036673432|123|PHYS271+PHYS397+PHYS341+PHYS343+MATH265+MATH267+|PHYS381+ASPH307+|
Steve Economics|steve@email.com|4031012023|123|ECON313+ECON303+ECON301+MATH249+MATH265+MGST313+CPSC217+|ECON313+ECON303+ECON311+MATH267+MATH367+ASCS325+MATH311+MGST301+MGST303+|
Bruce Economics|bruce@email.com|4031012023|123|ECON313+ECON303+ECON301+MATH249+MATH265+MGST313+CPSC217+|ECON313+ECON303+ECON311+MATH267+MATH367+ASCS325+MATH311+MGST301+MGST303+|
Stan Economics|stan@email.com|4031012023|123|ECON313+ECON303+ECON301+MATH249+MATH265+MGST313+CPSC217+|ECON313+ECON303+ECON311+MATH267+MATH367+ASCS325+MATH311+MGST301+MGST303+|
Bill Economics|bill@email.com|4031012023|123|ECON313+ECON303+ECON301+MATH249+MATH265+MGST313+CPSC217+|ECON313+ECON303+ECON311+MATH267+MATH367+ASCS325+MATH311+MGST301+MGST303+|
Vladimir Economics|vladimir@email.com|4031012023|123|ECON313+ECON303+ECON301+MATH249+MATH265+MGST313+CPSC217+|ECON313+ECON303+ECON311+MATH249+MATH367+ASCS325+MATH311+MGST301+MGST303+|
Leon Economics|leon@email.com|4031012023|123|ECON313+ECON303+ECON301+MATH249+MATH265+MGST313+CPSC217+|ECON313+ECON303+ECON311+MATH249+MATH367+ASCS325+MATH311+MGST301+MGST303+|
Noah Economics|noah@email.com|4031012023|123|ECON313+ECON303+ECON301+MATH249+MATH265+MGST313+CPSC217+|ECON313+ECON303+ECON311+MATH249+MATH367+ASCS325+MATH311+MGST301+MGST303+|
Ethan Economics|ethan@email.com|4031012023|123|ECON313+ECON303+ECON301+MATH249+MATH265+MGST313+CPSC217+|ECON313+ECON303+ECON311+MATH249+MATH367+ASCS325+MATH311+MGST301+MGST303+|
Ben Economics|ben@email.com|4031012023|123|ECON313+ECON303+ECON301+MATH249+MATH265+MGST313+CPSC217+|ECON313+ECON303+ECON311+MATH249+MATH367+ASCS325+MATH311+MGST301+MGST303+|
Steve Statistics|stevesupercool@gmail.com|4031012023|123|STAT313+STAT303+STAT301+MATH249+MATH265+MGST313+CPSC217+|STAT313+STAT303+STAT311+MATH249+MATH367+ASCS325+MATH311+MGST301+MGST303+|
Bruce Statistics|brucesupercool@gmail.com|4031012023|123|STAT313+STAT303+STAT301+MATH249+MATH265+MGST313+CPSC217+|STAT313+STAT303+STAT311+MATH249+MATH367+ASCS325+MATH311+MGST301+MGST303+|
Stan Statistics|stansupercool@gmail.com|4031012023|123|STAT313+STAT303+STAT301+MATH249+MATH265+MGST313+CPSC217+|STAT313+STAT303+STAT311+MATH249+MATH367+ASCS325+MATH311+MGST301+MGST303+|
Bill Statistics|billsupercool@gmail.com|4031012023|123|STAT313+STAT303+STAT301+MATH249+MATH265+MGST313+CPSC217+|STAT313+STAT303+STAT311+MATH249+MATH367+ASCS325+MATH311+MGST301+MGST303+|
Vladimir Statistics|vladimirsupercool@gmail.com|4031012023|123|STAT313+STAT303+STAT301+MATH249+MATH265+MGST313+CPSC217+|STAT313+STAT303+STAT311+MATH249+MATH367+ASCS325+MATH311+MGST301+MGST303+|
Leon Statistics|leonsupercool@gmail.com|4031012023|123|STAT313+STAT303+STAT301+MATH249+MATH265+MGST313+CPSC217+|STAT313+STAT303+STAT311+MATH249+MATH367+ASCS325+MATH311+MGST301+MGST303+|
Noah Statistics|noahsupercool@gmail.com|4031012023|123|STAT313+STAT303+STAT301+MATH249+MATH265+MGST313+CPSC217+|STAT313+STAT303+STAT311+MATH249+MATH367+ASCS325+MATH311+MGST301+MGST303+|
Ethan Statistics|ethansupercool@gmail.com|4031012023|123|STAT313+STAT303+STAT301+MATH249+MATH265+MGST313+CPSC217+|STAT313+STAT303+STAT311+MATH249+MATH367+ASCS325+MATH311+MGST301+MGST303+|
Ben Statistics|bensupercool@gmail.com|4031012023|123|STAT313+STAT303+STAT301+MATH249+MATH265+MGST313+CPSC217+|STAT313+STAT303+STAT311+MATH249+MATH367+ASCS325+MATH311+MGST301+MGST303+|
Steve Physics|stevephysicsrules@ucalgary.ca.com|4031012023|123|PHYS313+PHYS303+PHYS301+MATH249+MATH265+MGST313+CPSC217+|PHYS313+PHYS303+PHYS311+MATH249+MATH367+ASCS325+MATH311+MGST301+MGST303+|
Bruce Physics|brucephysicsrules@ucalgary.ca.com|4031012023|123|PHYS313+PHYS303+PHYS301+MATH249+MATH265+MGST313+CPSC217+|PHYS313+PHYS303+PHYS311+MATH249+MATH367+ASCS325+MATH311+MGST301+MGST303+|
Stan Physics|stanphysicsrules@ucalgary.ca.com|4031012023|123|PHYS313+PHYS303+PHYS301+MATH249+MATH265+MGST313+CPSC217+|PHYS313+PHYS303+PHYS311+MATH249+MATH367+ASCS325+MATH311+MGST301+MGST303+|
Bill Physics|billphysicsrules@ucalgary.ca.com|4031012023|123|PHYS313+PHYS303+PHYS301+MATH249+MATH265+MGST313+CPSC217+|PHYS313+PHYS303+PHYS311+MATH249+MATH367+ASCS325+MATH311+MGST301+MGST303+|
Vladimir Physics|vladimirphysicsrules@ucalgary.ca.com|4031012023|123|PHYS313+PHYS303+PHYS301+MATH249+MATH265+MGST313+CPSC217+|PHYS313+PHYS303+PHYS311+MATH249+MATH367+ASCS325+MATH311+MGST301+MGST303+|
Leon Physics|leonphysicsrules@ucalgary.ca.com|4031012023|123|PHYS313+PHYS303+PHYS301+MATH249+MATH265+MGST313+CPSC217+|PHYS313+PHYS303+PHYS311+MATH249+MATH367+ASCS325+MATH311+MGST301+MGST303+|
Noah Physics|noahphysicsrules@ucalgary.ca.com|4031012023|123|PHYS313+PHYS303+PHYS301+MATH249+MATH265+MGST313+CPSC217+|PHYS313+PHYS303+PHYS311+MATH249+MATH367+ASCS325+MATH311+MGST301+MGST303+|
Ethan Physics|ethanphysicsrules@ucalgary.ca.com|4031012023|123|PHYS313+PHYS303+PHYS301+MATH249+MATH265+MGST313+CPSC217+|PHYS313+PHYS303+PHYS311+MATH249+MATH367+ASCS325+MATH311+MGST301+MGST303+|
Ben Physics|benphysicsrules@ucalgary.ca.com|4031012023|123|PHYS313+PHYS303+PHYS301+MATH249+MATH265+MGST313+CPSC217+|PHYS313+PHYS303+PHYS311+MATH249+MATH367+ASCS325+MATH311+MGST301+MGST303+|
Irek Minnegaliev|irekmin@email.ca|4039189062|123123|ECON313+ECON313+STAT313+STAT317+|PHYS303+ECON313+ECON303+|
Selina Sarlak|sheloinasherlock@poopyhead.com|403913039012|123|STAT313+PHYS317+|ECON313+| 